Gene	Module	kWithin
ENSMUSG00000026434	skyblue3	7.70307123479941
ENSMUSG00000028565	skyblue3	7.57222069507574
ENSMUSG00000061755	skyblue3	7.10014795145669
ENSMUSG00000019943	skyblue3	7.00679387661155
ENSMUSG00000035021	skyblue3	6.88338996098004
ENSMUSG00000040481	skyblue3	6.04607294579387
ENSMUSG00000031403	skyblue3	5.87044440665636
ENSMUSG00000042323	skyblue3	5.84547911341789
